Last name,First name,User ID
Abatelli,Didi,13
Allsupp,Deeyn,79
Alwin,Ileane,43
Arton,Rollo,16
Audsley,Celie,92
Ayce,Glenn,52
Babst,Dniren,77
Balcon,Larina,12
Balmann,Martin,94
Barritt,Christina,51
Bartlam,Andriette,76
Bassil,Conant,90
Bedburrow,Maryjo,97
Benard,Kendrick,58
Birdall,Becky,47
Booij,Kordula,37
Borrill,Garreth,96
Bukowski,Lydon,25
Butler-Bowdon,Kylie,61
Caddy,Fanchette,29
Capstaff,Karen,5
Castagneri,Auria,82
Chasmer,Vita,74
Chatelet,Glynn,80
Curtiss,Rooney,32
Dablin,Ileane,69
Dalla,Leontyne,98
Danell,Addi,85
Deetlof,Madison,30
Delong,Hailey,56
Dewi,Karoly,72
Eastlake,Horst,24
Eingerfield,Dun,91
Farryn,Lanny,89
Finden,Starlene,83
Flode,Granger,42
Fountaine,Rickard,95
Gardner,Teodor,36
Garric,Lanny,1
Georgeson,Lindsay,68
Gladdis,Doti,67
Godilington,Lin,41
Greenhough,Dniren,33
Gregorin,Cleon,44
Gresswood,Murielle,2
Hackinge,Lindsay,19
Hackinge,Arnuad,57
Hamlin,Tabatha,18
Heball,Von,73
Hundal,Ettie,93
Huonic,Bo,86
Jaksic,Maryrose,59
Jeffree,Adelina,70
Jerred,Helene,55
June,Guy,31
Kays,Dru,14
Kirtley,Bentlee,27
Korous,Tildy,45
Kruschov,Rinaldo,35
Leftly,Amalia,100
Levensky,Natala,34
Lockless,Andros,53
Loosley,Dorree,6
MacMechan,Lavinia,54
Macklin,Marilyn,22
Marvell,Mora,81
Matchett,Leona,88
Matitiaho,Nikki,4
Memmory,Libby,40
Memory,Christie,15
Mordy,Libby,46
Mouan,Shawnee,11
Niezen,Giulio,49
Pedrazzi,Doretta,87
Petchell,Brittaney,23
Punton,Wakefield,65
Quinane,Evania,28
Randlesome,Von,38
Revan,Steven,71
Rowson,Dell,26
Scholig,Muffin,8
Scotchford,Lucilia,64
Setford,Bernhard,84
Simonsson,Kandace,39
Sinnott,Karen,48
Syalvester,Annelise,50
Tether,Anne,62
Thunnerclef,Brinn,20
Thurlbourne,Coriss,66
Trolley,Elvin,7
Turle,Mervin,17
Vallens,Salomi,60
Van Oord,Euell,78
Vedenichev,Bellina,10
Wakeford,Dell,99
Wheowall,Jaimie,9
Winkless,Leese,21
Wood,Neddie,63
Wooldridge,Franzen,75
Yushmanov,Sallyann,3
